Exited,Balance
0,72745.2967788522
1,91108.53933726068
